web_bq_userid,sessions_in_app,sessions_in_web
44446,174,2
34673,160,132
20533,152,5
50776,126,1
50509,121,1
12309,104,1
10694,103,124
13614,103,1
23603,102,5
52534,94,1
52590,93,1
51840,91,2
11961,91,18
17833,90,8
43433,87,1
54402,81,2
43205,80,6
11904,80,2
21569,79,1
11360,79,15
8063,79,3
26604,78,17
21701,78,2
52898,77,6
19307,75,4
6475,73,1
26408,73,51
41952,72,2
56475,72,2
27740,71,1
10793,68,2
45438,68,12
14249,67,12
4617,67,2
26652,67,8
50887,67,1
6377,66,22
47068,65,5
35153,65,2
50369,65,4
39661,64,3
29451,64,5
24329,64,2
39333,64,1
41480,64,6
29779,64,2
15407,64,3
13544,64,15
55620,64,1
15276,63,1
52666,63,3
21942,63,1
52013,63,2
34929,63,1
14428,62,3
15510,61,7
25530,61,6
13644,61,1
19111,61,8
34994,61,12
28786,60,28
38985,60,2
5508,60,2
11043,58,1
48596,58,33
17043,57,5
51364,57,2
13479,56,1
5040,56,4
39678,55,4
23521,55,15
11524,55,1
15302,55,10
50877,55,3
48922,54,43
7741,54,3
13259,54,1
13327,53,6
53001,53,10
57051,53,7
17374,53,15
13414,53,1
36851,53,1
54681,52,2
51534,52,2
32246,52,9
7219,51,3
51200,51,2
21471,50,1
41351,50,5
26307,50,1
28629,50,14
54179,50,3
27537,49,7
51813,49,1
51309,49,1
25457,49,6
1237,49,1
19693,49,1
50987,49,90
3775,49,6
14676,49,1
22446,49,2
57538,48,6
30422,48,17
34984,48,3
9843,47,1
51997,47,4
49659,47,1
58656,47,3
49781,47,4
49889,46,9
31733,46,15
8122,46,2
10587,46,3
7905,45,1
27650,45,7
17462,45,1
30575,45,1
55168,45,2
7171,44,16
24704,44,1
23115,44,4
18392,44,7
56684,44,3
50529,43,3
51542,43,2
57880,43,2
51218,43,2
48665,43,2
50504,42,4
50990,42,10
29334,42,19
54272,41,7
24902,41,3
15696,41,1
23052,41,1
31270,41,1
43176,41,1
56609,41,1
3116,41,2
12226,41,2
53731,41,1
3684,41,8
30040,41,1
38052,41,1
49072,41,2
57327,41,7
18180,41,2
4613,40,15
49078,40,3
32550,40,1
33553,40,3
43226,40,3
11617,40,2
41145,40,1
46520,40,1
18451,40,3
29450,40,3
15365,40,1
30933,40,52
25645,39,1
50128,39,2
39005,39,2
7988,39,2
57776,39,2
50815,39,1
27080,39,1
54363,39,2
50056,39,24
8820,39,2
49736,39,4
19729,38,8
52405,38,5
25997,38,2
52093,38,19
51886,38,2
7153,37,2
49074,37,5
17312,37,4
50163,37,1
31831,37,1
18866,37,54
1766,37,5
55154,37,1
54490,37,2
46815,36,1
52072,36,3
21451,36,1
51488,36,2
4031,36,1
43402,36,1
52167,36,6
20785,36,2
42935,36,1
25106,36,6
50888,36,4
5572,36,1
54317,35,2
54896,35,1
12634,35,1
7706,35,1
15838,35,1
48055,35,5
22231,35,1
29211,35,1
56713,35,1
53070,34,3
50978,34,1
39030,34,48
12153,34,2
49397,34,7
52303,34,2
46563,34,1
16020,34,3
51039,34,2
4952,34,1
29924,34,11
55218,34,6
48612,34,21
10137,34,4
49723,33,2
58428,33,1
49400,33,3
22074,33,2
56972,33,12
35115,33,9
52588,33,2
58332,33,3
22311,33,36
51807,33,2
50866,33,1
44244,32,6
54993,32,4
52256,32,1
36234,32,3
24447,32,2
6320,32,5
53325,32,2
54252,32,3
25431,32,1
52233,32,1
5686,32,1
53162,32,1
14184,32,21
43720,32,1
47057,32,8
50858,32,1
15539,31,2
50489,31,1
54542,31,2
10877,31,2
28039,31,2
61862,31,7
52899,31,2
34897,31,2
2102,31,8
51579,31,1
60107,31,2
57499,31,4
17008,31,2
19353,31,13
12473,31,1
52568,31,2
57039,30,1
30020,30,1
57706,30,20
52839,30,1
61158,30,3
5901,30,2
19770,30,2
50908,30,1
34178,30,10
58663,30,1
52799,30,2
10144,30,5
54909,30,12
45487,30,2
17188,30,1
4251,30,120
36738,30,1
36956,29,3
59677,29,2
46324,29,4
50614,29,3
23179,29,2
46167,29,2
55037,29,8
53703,29,11
17669,29,11
8042,29,3
8608,29,1
14376,29,1
40782,29,11
57949,29,1
11012,29,1
47708,29,10
50064,29,1
20052,29,1
9102,29,1
55781,28,2
56798,28,28
45726,28,1
7695,28,2
50115,28,3
40607,28,2
29033,28,1
15075,28,5
58392,28,7
50007,28,1
44570,28,24
52059,28,2
54364,27,2
56833,27,1
53642,27,2
59623,27,1
51120,27,3
38028,27,11
54871,27,1
5719,27,2
48564,27,7
47535,27,5
51482,27,1
50641,27,1
449,27,5
50333,27,1
51325,27,5
53116,27,1
5160,27,1
17391,26,1
11222,26,1
15745,26,1
34629,26,4
47639,26,1
36511,26,1
17131,26,4
51065,26,1
42547,26,1
53998,26,3
44580,26,1
56618,26,2
53411,26,2
49467,26,4
41347,26,1
49823,26,5
21021,26,1
50699,26,4
50826,25,3
52935,25,3
15947,25,1
58273,25,2
50001,25,1
17737,25,1
54039,25,15
28313,25,3
55377,25,6
53527,25,4
14189,25,1
56078,25,24
41853,25,5
52370,25,1
54387,25,1
50673,25,1
51652,25,3
56886,25,2
10534,24,4
57067,24,1
51699,24,4
50087,24,1
60600,24,1
50734,24,2
54137,24,3
50700,24,2
50385,24,5
56638,24,2
53511,24,3
4989,24,1
56651,24,1
48604,24,3
57855,24,6
57076,24,6
46440,24,7
25597,24,12
59797,24,2
48514,24,1
58939,24,5
53957,24,1
40673,24,1
47302,24,1
22412,23,4
54053,23,1
50787,23,4
39309,23,3
36541,23,1
58102,23,3
43162,23,1
52486,23,2
35558,23,3
48139,23,54
21861,23,4
57475,23,6
33160,23,1
23601,23,3
51716,23,4
58169,23,2
4633,23,1
34618,23,1
51168,23,1
55636,22,1
49755,22,10
24452,22,1
3702,22,39
48851,22,1
32300,22,28
50396,22,2
57063,22,2
57116,22,7
55081,22,1
58394,22,2
52915,22,3
24554,22,12
57953,22,1
52023,22,3
5614,22,2
13460,22,1
56977,22,1
51666,22,2
54329,22,1
10031,22,2
29150,22,1
52897,22,2
57295,22,1
55727,22,2
56588,22,1
19839,21,1
51836,21,19
25198,21,1
10336,21,3
52868,21,1
37945,21,1
36478,21,1
55068,21,2
53830,21,3
51634,21,1
17275,21,9
50275,21,3
54270,21,1
60482,21,3
48607,21,1
34239,21,1
58993,21,1
55765,21,7
54566,21,3
53943,21,1
58825,21,1
5638,21,13
47078,21,20
20642,21,1
60310,21,1
56496,21,1
48283,21,1
60009,21,1
60092,20,1
43031,20,2
37200,20,4
50288,20,2
53990,20,4
8664,20,1
54729,20,1
53548,20,3
23547,20,2
46632,20,2
10424,20,8
58633,20,10
10391,20,1
52858,20,2
55023,20,1
23269,20,1
5961,20,2
35817,20,113
55630,20,1
52184,20,3
2840,20,4
56388,20,2
53845,20,22
6630,20,2
37523,20,1
16679,20,22
38338,20,1
18413,20,7
32928,20,2
59324,20,1
30656,19,1
53797,19,4
26560,19,1
53546,19,7
48373,19,1
45809,19,3
57704,19,25
60867,19,2
54510,19,2
50221,19,2
53258,19,4
16011,19,5
1244,19,47
49981,19,5
51235,19,5
18073,19,3
4067,19,4
54498,19,2
54628,19,3
53502,19,3
54617,19,7
60249,19,1
47881,19,9
54007,19,2
60907,19,5
57703,19,9
17134,19,1
46622,19,2
19522,19,5
57262,19,6
59085,19,1
50798,19,2
18990,19,1
53475,19,2
22144,19,1
60437,19,2
11969,19,1
34845,18,1
52387,18,2
52070,18,1
53730,18,1
48903,18,3
52622,18,11
53796,18,27
58477,18,2
61203,18,2
58370,18,3
45212,18,4
19527,18,1
2843,18,1
50567,18,1
37236,18,1
51640,18,1
54714,18,6
52264,18,1
8637,18,2
60542,18,3
58004,18,5
35548,18,2
51643,18,1
20617,18,1
10714,18,1
56299,18,1
58268,18,2
58525,18,2
37466,18,2
3930,18,1
60729,18,2
50329,18,1
38729,18,1
52319,18,1
59619,18,4
44877,18,45
51116,18,1
51573,18,2
46208,17,4
54484,17,1
58103,17,3
37700,17,4
57618,17,2
51066,17,3
15334,17,1
30345,17,2
13925,17,1
56998,17,1
41268,17,2
16981,17,1
57040,17,2
52089,17,4
9645,17,2
61209,17,3
51630,17,1
17482,17,1
31018,17,1
54105,17,3
52255,17,1
24751,17,2
59815,17,3
58717,17,1
36176,17,5
50447,17,2
11148,17,2
45561,17,1
54567,17,1
57686,17,1
51059,17,2
28564,17,1
12800,17,6
44738,17,3
37760,17,3
44892,17,1
59234,17,3
47214,17,1
53807,17,1
15360,17,2
52910,17,2
5956,17,2
51801,16,1
19864,16,1
50332,16,2
33800,16,2
32042,16,1
56660,16,1
52012,16,1
43722,16,1
8556,16,1
57360,16,1
56489,16,1
59783,16,2
51664,16,4
51505,16,1
36705,16,4
57819,16,9
27461,16,1
10274,16,2
18662,16,2
54605,16,1
56952,16,6
52891,16,5
51233,16,2
54129,16,3
46624,16,1
8198,16,1
29503,16,5
16519,16,2
49114,16,13
51278,16,2
51905,16,1
16163,16,2
23827,16,2
52711,16,1
49927,16,1
54583,16,5
59795,16,1
16364,16,3
25347,16,1
54632,16,1
50180,16,2
51590,16,2
56928,16,2
56642,16,1
55307,16,3
55322,16,1
54478,16,6
58475,16,1
16344,15,11
58790,15,1
52607,15,2
3956,15,1
51604,15,1
48047,15,1
49819,15,3
50066,15,1
11380,15,5
61068,15,2
21866,15,3
38161,15,2
38866,15,4
52867,15,1
54263,15,7
55211,15,1
55302,15,1
58737,15,6
52491,15,1
13273,15,1
8137,15,2
53273,15,4
57991,15,1
19823,15,2
53658,15,1
52689,15,7
58684,15,22
10330,15,1
14598,15,3
50957,15,3
16773,15,3
58156,15,18
4446,15,1
49930,15,5
52341,15,1
12041,15,1
55203,15,1
44782,15,5
56912,15,1
44251,15,1
58315,15,1
51370,15,2
13892,15,5
43569,15,1
54429,15,24
15983,15,2
31002,15,3
58536,15,1
50218,15,1
50817,14,8
53269,14,2
61633,14,3
32383,14,1
58129,14,7
53470,14,3
62341,14,2
47045,14,1
53100,14,4
22291,14,1
56661,14,3
59377,14,2
57468,14,1
21098,14,8
53454,14,5
58452,14,8
58334,14,14
51064,14,3
53322,14,3
18711,14,1
15239,14,11
51781,14,1
13700,14,1
62384,14,2
44742,14,4
37545,14,3
52250,14,1
60113,14,1
17782,14,6
49939,14,3
35539,14,1
46218,14,66
36656,14,1
50746,14,4
56346,14,3
51026,14,2
50604,14,2
57723,14,3
32591,14,5
54639,14,2
55675,14,1
54928,14,2
53561,14,1
51775,13,2
45824,13,3
27113,13,46
53460,13,7
62201,13,2
19899,13,1
62065,13,11
51838,13,1
58118,13,1
38837,13,1
57424,13,4
54093,13,11
59141,13,2
28246,13,1
60350,13,1
59739,13,3
53104,13,1
48751,13,3
50724,13,3
25962,13,2
52047,13,3
36895,13,1
40398,13,5
29317,13,4
52725,13,3
52790,13,3
29022,13,1
51400,13,2
62067,13,2
22377,13,2
58517,13,5
50633,13,2
23122,13,1
61188,13,3
55056,13,2
50495,13,5
52737,13,3
50468,13,1
59504,13,2
56764,13,6
43648,13,1
50882,13,6
58999,13,3
50718,13,2
61853,13,4
18403,13,3
50278,13,6
62594,13,2
57967,13,11
51803,13,1
56633,13,4
58233,13,1
54786,13,1
13800,13,2
54299,13,1
52789,13,2
19622,13,1
59672,13,3
58982,13,1
56403,13,1
50279,13,3
50618,13,4
14158,13,3
51122,13,5
59197,13,2
54023,13,2
52558,13,3
32257,13,2
54380,13,2
54696,13,3
16703,12,4
53283,12,1
22847,12,5
13370,12,1
57871,12,2
50497,12,4
46454,12,3
7964,12,3
59482,12,2
51443,12,1
51083,12,1
50893,12,2
50404,12,1
3201,12,2
3183,12,2
57139,12,11
53713,12,1
51944,12,5
60037,12,2
49899,12,1
62395,12,1
59994,12,1
17604,12,1
50304,12,2
30985,12,2
50750,12,1
49513,12,2
58531,12,6
40102,12,1
49852,12,5
60100,12,1
52685,12,1
57498,12,1
53959,12,1
59645,12,2
61671,12,3
50160,12,1
52522,12,2
45525,12,2
49351,12,1
36880,12,2
37346,12,1
57861,12,3
61226,12,2
38455,12,1
5604,12,1
50277,12,2
53024,12,4
49464,12,1
53983,12,1
54950,12,1
49282,12,3
13057,12,1
58540,12,1
23734,12,8
57986,12,1
51310,12,6
57642,12,7
56987,12,1
57877,12,1
50493,12,1
63022,12,1
59432,12,1
53999,12,1
50315,12,1
60171,12,3
51385,12,1
59400,12,2
54392,12,15
22140,12,1
61664,12,3
61595,12,1
57653,12,2
5575,12,1
14180,12,1
56356,12,1
51008,12,3
47846,12,1
16835,12,1
60854,12,2
53497,12,1
58876,12,2
21153,11,3
58728,11,1
21410,11,53
54600,11,4
52912,11,12
45251,11,1
56896,11,2
6460,11,1
6732,11,4
50781,11,2
35213,11,2
50182,11,3
23185,11,2
55177,11,1
53942,11,1
51166,11,3
51847,11,1
52344,11,2
62305,11,1
52781,11,2
54330,11,21
12504,11,1
51012,11,5
53894,11,6
58225,11,28
34879,11,9
51113,11,4
11563,11,9
49445,11,1
58138,11,3
57726,11,2
59943,11,1
58170,11,2
50532,11,2
31718,11,2
51369,11,1
59137,11,1
26300,11,4
47176,11,1
54216,11,2
53480,11,1
53632,11,3
45477,11,2
51021,11,1
38998,11,3
56768,11,2
2390,11,1
55900,11,2
37576,11,1
53854,11,1
57233,11,2
8215,11,1
61566,11,2
59631,11,1
51518,11,2
50692,11,1
62330,11,1
38025,11,1
57910,11,7
57646,11,9
6261,11,3
46122,11,1
45740,11,1
13132,11,2
50336,11,1
51751,11,3
51837,11,6
59032,11,2
55796,11,1
37481,11,2
56784,11,2
50889,11,2
50054,11,3
30775,11,2
52414,11,1
53487,11,2
58287,11,2
59762,11,4
51804,11,4
54634,11,2
39652,11,1
49285,11,1
52551,11,2
47391,11,1
50068,11,3
42707,11,4
53877,11,1
51100,11,1
58124,11,2
38393,11,1
51870,11,1
5811,11,1
58483,11,1
20476,11,8
42941,11,1
7891,11,1
59313,11,1
54070,10,3
31075,10,2
51709,10,2
7631,10,1
56447,10,1
54843,10,1
51535,10,2
47341,10,4
58373,10,1
56433,10,2
29370,10,1
39586,10,2
58699,10,3
60739,10,1
58281,10,3
54267,10,2
59470,10,2
57125,10,1
56294,10,9
55925,10,2
53670,10,2
51182,10,1
45100,10,2
42706,10,2
51477,10,9
57141,10,1
59179,10,2
51603,10,1
52049,10,2
26671,10,1
6967,10,6
50248,10,4
61512,10,4
57934,10,1
56899,10,1
43509,10,1
59160,10,3
54763,10,1
32224,10,1
52906,10,2
53919,10,1
53828,10,2
51736,10,2
59473,10,1
54727,10,1
57806,10,2
12681,10,2
54905,10,1
62487,10,5
53580,10,4
54342,10,2
49998,10,1
17129,10,1
56969,10,2
54368,10,3
53829,10,1
51154,10,1
36438,10,1
62539,10,1
49805,10,1
56464,10,1
51214,10,1
6894,10,3
56080,10,1
54564,10,2
50283,10,3
53372,10,4
44799,10,2
50657,10,1
59063,10,2
56419,10,3
53284,10,3
52539,10,2
50293,10,1
57645,10,2
49880,10,1
54370,10,4
57760,10,2
59319,10,2
61173,10,3
43781,10,2
36560,10,2
57973,10,1
61136,10,1
35602,10,1
56990,10,2
20697,10,1
52130,10,1
56285,10,2
51983,10,4
54606,10,1
59272,10,2
5103,10,25
53027,10,7
54558,10,3
15373,10,1
56881,10,2
55818,10,3
52307,10,1
56210,10,2
53409,10,4
57763,10,3
54399,10,1
52310,10,3
58745,10,10
54180,10,1
60716,10,3
7555,10,1
60992,10,11
52986,10,1
15855,10,1
56234,10,1
58470,9,1
56610,9,1
55849,9,4
11855,9,3
61222,9,1
50807,9,2
57694,9,1
48464,9,3
15583,9,1
26384,9,1
47804,9,1
62921,9,2
52140,9,2
5547,9,3
59198,9,5
56460,9,1
18331,9,3
36321,9,2
59904,9,1
51789,9,1
38463,9,2
58556,9,1
37478,9,1
53338,9,2
49901,9,1
61400,9,2
52173,9,2
46831,9,1
61785,9,2
53072,9,1
50015,9,5
54919,9,1
57659,9,2
54958,9,1
54318,9,5
23068,9,1
56749,9,7
60664,9,1
50070,9,2
50683,9,6
51670,9,4
54249,9,8
36715,9,1
17245,9,1
5517,9,2
15045,9,2
54686,9,1
45768,9,10
59036,9,1
7239,9,14
57978,9,2
49517,9,3
52214,9,5
39420,9,1
52845,9,10
56154,9,2
37459,9,3
51510,9,4
53186,9,2
51466,9,2
28242,9,36
62675,9,1
47647,9,2
26130,9,1
60077,9,3
61884,9,3
50510,9,1
1381,9,2
50935,9,1
60915,9,11
59161,9,3
12434,9,3
55208,9,3
27423,9,1
62821,9,7
50960,9,1
44447,9,2
50508,9,3
59352,9,1
54106,9,3
50388,9,4
60746,9,2
61513,9,4
6979,9,1
5156,9,1
10898,9,1
50701,9,1
51418,9,3
14392,9,1
55317,9,1
14548,9,1
25699,9,7
56865,9,3
61109,9,1
61244,9,1
57561,9,3
49804,9,2
26951,9,1
20646,9,2
23001,9,1
27265,9,1
15087,9,2
16820,9,1
51049,9,2
34701,9,1
42359,9,6
9216,9,4
38549,9,2
12143,9,2
32,9,3
10854,9,1
34737,9,1
61570,9,2
8780,9,20
49925,9,2
50372,9,1
50646,9,4
54666,9,2
54355,9,3
53856,9,4
48733,9,35
55079,9,1
27987,9,35
59889,9,1
52581,9,1
34556,8,2
53948,8,2
61238,8,1
50738,8,5
55084,8,2
51872,8,2
41895,8,1
57724,8,2
51514,8,4
60524,8,3
50069,8,2
54118,8,1
33201,8,4
39345,8,1
12635,8,5
57622,8,1
57333,8,5
58925,8,1
49086,8,2
47975,8,1
4572,8,1
57320,8,2
55083,8,2
26619,8,2
50174,8,4
61413,8,1
16732,8,2
34483,8,2
39548,8,1
61527,8,1
43739,8,1
17889,8,1
51042,8,2
54008,8,1
59168,8,1
42955,8,1
56327,8,1
44627,8,2
6227,8,3
51424,8,3
60106,8,2
33060,8,2
51835,8,4
48504,8,1
14604,8,2
61241,8,1
57979,8,1
54868,8,1
50505,8,3
56363,8,2
57313,8,1
61922,8,2
54442,8,2
58700,8,2
11519,8,1
55579,8,1
45721,8,1
49887,8,1
59144,8,5
23385,8,1
55161,8,1
49463,8,1
53077,8,8
60970,8,2
60241,8,1
54987,8,2
56892,8,2
54785,8,2
49526,8,2
36228,8,1
22315,8,1
37137,8,2
5286,8,5
27475,8,4
50779,8,1
13040,8,1
62287,8,2
57816,8,3
3098,8,5
47995,8,4
37243,8,1
39476,8,3
59089,8,5
19814,8,1
54365,8,2
50997,8,1
59257,8,3
54477,8,1
57856,8,1
40974,8,1
59228,8,1
50035,8,2
34362,8,7
57101,8,1
52320,8,3
57048,8,3
54425,8,2
49599,8,5
56797,8,2
54520,8,1
49634,8,1
34654,8,1
58694,8,2
62223,8,3
55394,8,2
62196,8,3
55160,8,1
17814,8,3
37928,8,1
56666,8,3
52432,8,3
53491,8,2
57328,8,2
51125,8,2
60830,8,2
62314,8,2
58046,8,1
35727,8,2
39085,8,2
48462,8,1
46781,8,3
62356,8,1
55671,8,2
62005,8,1
48839,8,11
54428,8,2
58079,8,1
62583,8,4
53015,8,3
60186,8,3
56409,8,4
58558,8,1
55674,8,3
60929,8,1
52657,8,1
6281,8,1
61584,8,1
29163,8,7
59780,7,2
29786,7,1
49990,7,1
7565,7,1
28912,7,1
31617,7,2
27218,7,1
63035,7,3
10323,7,1
61143,7,2
52749,7,2
55617,7,2
56914,7,1
59763,7,1
50762,7,2
17039,7,1
22466,7,2
62389,7,2
23394,7,1
6355,7,1
47207,7,1
50319,7,6
53282,7,1
56145,7,2
12782,7,1
57810,7,3
50619,7,1
56831,7,1
60536,7,4
46375,7,2
35180,7,1
52302,7,3
14089,7,4
53863,7,1
59267,7,8
50016,7,1
57389,7,1
58209,7,2
57931,7,1
53818,7,2
59457,7,4
51581,7,2
56580,7,1
62381,7,6
10295,7,1
50213,7,2
51245,7,1
51142,7,2
17102,7,1
49605,7,1
59273,7,1
50353,7,4
45067,7,2
32193,7,5
54128,7,8
58685,7,1
59714,7,1
51511,7,4
53171,7,2
57224,7,1
34903,7,1
62186,7,2
59159,7,4
50550,7,4
62368,7,1
53692,7,1
55829,7,2
13287,7,3
51399,7,1
49535,7,2
57592,7,3
53178,7,7
54310,7,2
13843,7,1
57636,7,2
53415,7,1
8956,7,5
60882,7,1
21173,7,12
48660,7,1
24173,7,1
38113,7,2
55535,7,2
52591,7,1
50731,7,2
50326,7,3
41271,7,1
35418,7,1
56945,7,2
56091,7,1
33364,7,1
62482,7,1
62158,7,1
21837,7,3
52687,7,3
52974,7,2
52962,7,6
62457,7,1
5343,7,1
51814,7,1
52731,7,2
57170,7,2
50926,7,1
28296,7,26
57838,7,1
43730,7,2
54169,7,7
22890,7,2
25312,7,3
50916,7,1
53425,7,1
61000,7,4
61943,7,3
41627,7,1
19261,7,1
59080,7,2
62667,7,3
46782,7,1
54956,7,1
56677,7,4
36842,7,1
56133,7,8
52052,7,2
27004,7,4
13793,7,6
51777,7,1
49355,7,5
53261,7,4
27823,7,1
54657,7,2
53240,7,4
57920,7,2
59463,7,2
58687,7,4
60192,7,3
59411,7,2
55959,7,2
49822,7,1
55789,7,1
59834,7,1
52300,7,1
51932,7,2
57812,7,2
52231,7,1
13260,7,3
58498,7,2
42929,7,6
50736,7,2
53363,7,1
53848,7,2
55955,7,1
9714,7,4
58443,7,1
50389,7,1
58258,7,2
52028,7,6
51221,7,5
61030,7,3
61042,7,2
62423,7,1
62695,7,1
54687,7,2
51615,7,1
57833,7,1
59425,7,4
54238,7,2
24160,7,2
59567,7,4
55234,7,1
50312,7,2
61246,7,2
52081,7,2
55002,7,2
54006,7,3
57984,7,2
61243,7,1
38169,7,1
56384,7,1
55008,7,1
20413,7,1
52691,7,1
50725,7,1
49311,7,1
55098,7,2
58565,7,2
56268,7,2
54718,6,1
62718,6,1
22810,6,9
59803,6,1
43249,6,1
38200,6,1
50934,6,2
58096,6,5
52213,6,3
58261,6,1
48217,6,6
56132,6,1
38762,6,1
62206,6,1
52933,6,1
54646,6,3
12517,6,2
16959,6,1
44863,6,1
17387,6,1
50931,6,3
52145,6,3
61777,6,2
56954,6,1
54661,6,1
23891,6,3
29043,6,1
57302,6,4
12695,6,1
62751,6,1
54858,6,2
61501,6,1
53358,6,2
36465,6,2
62198,6,4
53648,6,2
18938,6,3
51069,6,1
60676,6,1
54049,6,1
54302,6,3
11446,6,1
52337,6,2
61849,6,1
52743,6,1
57580,6,1
51521,6,2
50564,6,30
53840,6,2
59348,6,1
58559,6,3
50356,6,2
57992,6,1
50697,6,2
56918,6,4
21312,6,1
44215,6,1
54983,6,1
52890,6,3
51258,6,2
57656,6,1
59542,6,3
54087,6,3
55029,6,4
51930,6,2
57975,6,2
35504,6,2
56058,6,1
50426,6,1
37071,6,3
50769,6,1
37358,6,5
54354,6,2
51285,6,1
58335,6,2
62248,6,1
23893,6,2
19911,6,1
6835,6,1
50099,6,2
10549,6,1
18855,6,1
42987,6,1
60280,6,1
53437,6,1
1945,6,1
45192,6,1
56682,6,1
56810,6,2
59107,6,2
62415,6,1
54532,6,1
21064,6,1
5562,6,1
57555,6,1
50274,6,6
55371,6,2
47155,6,1
61442,6,2
61560,6,1
50680,6,1
39957,6,3
52060,6,1
1273,6,5
34240,6,1
30522,6,1
48478,6,1
58836,6,2
54157,6,1
55138,6,2
57962,6,2
62972,6,1
37979,6,1
62593,6,1
58944,6,4
52582,6,1
53136,6,1
19295,6,1
58725,6,1
37895,6,1
42663,6,1
52945,6,1
59559,6,3
51536,6,1
55223,6,3
9805,6,10
11756,6,2
43680,6,4
15263,6,1
62481,6,1
47547,6,2
54879,6,4
60985,6,5
47124,6,1
10010,6,1
22785,6,2
51409,6,4
61949,6,1
55269,6,2
53616,6,3
34022,6,1
21940,6,1
55292,6,2
50187,6,1
54418,6,1
7864,6,2
53057,6,2
52279,6,2
60540,6,2
54546,6,1
60826,6,2
54496,6,2
59838,6,7
54148,6,1
54913,6,1
49808,6,1
38263,6,17
61806,6,1
29420,6,3
21044,6,1
49698,6,2
44114,6,3
60148,6,4
10482,6,29
59426,6,2
59754,6,2
51504,6,1
60039,6,8
52058,6,1
56676,6,1
57143,6,3
12518,6,1
20466,6,2
47812,6,1
52479,6,2
29155,6,1
58535,6,2
11637,6,1
54422,6,3
59403,6,1
50009,6,1
16611,6,6
55077,6,2
59792,6,3
52727,6,1
21076,6,4
58899,6,1
25151,6,2
62110,6,2
62554,6,2
52784,6,1
55964,6,7
14307,6,1
53245,6,2
53791,6,2
53732,6,1
58679,6,2
53808,6,1
62147,6,1
53259,6,1
62115,6,4
55815,6,1
52920,6,57
53811,6,1
38253,6,1
59557,6,1
48666,6,5
58552,6,1
53110,6,3
58760,6,1
58681,6,1
61814,6,2
21576,6,1
59022,6,4
55312,6,3
50428,6,2
55901,6,1
52015,6,3
18283,6,2
4817,6,3
56090,6,1
51229,6,3
58198,6,1
53647,6,1
60612,6,2
18205,6,1
5174,6,1
5664,6,2
33642,6,1
53938,6,1
56775,6,2
52488,6,3
57899,6,1
62374,6,2
20059,6,1
59146,6,1
56037,6,1
10901,6,1
41769,6,1
43572,6,2
49198,6,1
48834,6,2
52431,6,2
53458,6,1
52408,6,1
59045,6,1
51717,6,1
40200,6,1
52773,6,4
55655,6,1
5778,6,1
57831,6,2
54500,6,3
41166,6,2
58588,5,2
51296,5,1
8114,5,2
52258,5,2
17853,5,28
53488,5,2
59666,5,1
58247,5,3
54924,5,1
52667,5,1
61422,5,3
51885,5,3
57375,5,3
62907,5,1
55042,5,1
52217,5,2
50582,5,2
52332,5,2
54611,5,1
10346,5,2
21373,5,1
61270,5,1
58875,5,2
51859,5,1
52944,5,2
55711,5,1
52740,5,2
52171,5,1
58978,5,3
57512,5,1
59418,5,2
53101,5,1
54124,5,3
53837,5,1
12813,5,1
58775,5,1
54415,5,3
13064,5,1
37962,5,1
56529,5,4
53350,5,1
50751,5,1
40189,5,1
46591,5,1
56553,5,2
26765,5,5
53115,5,1
9696,5,2
53035,5,2
50870,5,3
60622,5,2
56653,5,1
11862,5,1
53212,5,1
23594,5,1
12961,5,1
60011,5,2
30982,5,1
7324,5,2
12883,5,1
30550,5,1
62411,5,4
46449,5,1
18875,5,1
51533,5,1
54022,5,1
51102,5,2
54633,5,3
17820,5,3
31324,5,1
59275,5,6
53441,5,4
50033,5,1
21913,5,18
51556,5,1
49770,5,1
52373,5,1
57465,5,1
57439,5,2
34442,5,22
54100,5,1
13089,5,2
52865,5,1
27795,5,2
52500,5,2
60521,5,1
49848,5,1
7665,5,1
60251,5,1
15929,5,2
58557,5,1
16233,5,1
56566,5,1
53185,5,7
54517,5,3
18431,5,2
54144,5,1
50219,5,2
59695,5,1
53306,5,5
52560,5,1
27622,5,1
52090,5,3
29999,5,2
56921,5,2
54791,5,4
38387,5,1
60918,5,2
57577,5,1
53026,5,2
43399,5,1
53540,5,1
51754,5,1
21974,5,2
48837,5,2
52201,5,1
53699,5,1
25917,5,1
51564,5,1
38966,5,2
52552,5,2
55174,5,4
38175,5,1
61249,5,1
44193,5,1
54312,5,2
51429,5,2
32336,5,1
20787,5,1
52350,5,1
56604,5,2
51167,5,4
52888,5,1
51961,5,1
57663,5,5
51678,5,1
51096,5,2
51661,5,1
27064,5,4
57572,5,1
57624,5,1
57702,5,1
53820,5,1
12032,5,2
58792,5,2
62026,5,1
57974,5,3
58239,5,1
46594,5,68
35761,5,1
40920,5,4
54662,5,1
62937,5,5
27586,5,1
53257,5,1
50625,5,1
12994,5,2
58187,5,1
33815,5,1
51651,5,2
49390,5,1
35084,5,1
37164,5,3
54011,5,1
59785,5,1
59429,5,2
57505,5,1
62531,5,1
53121,5,3
54577,5,3
58061,5,2
12393,5,4
39825,5,2
22684,5,2
59281,5,3
54869,5,2
54562,5,1
58473,5,2
58676,5,1
59200,5,1
49189,5,1
52208,5,1
57267,5,1
30562,5,1
62680,5,2
45574,5,1
17147,5,5
9799,5,2
7840,5,3
53163,5,2
53305,5,1
33446,5,1
11134,5,1
58145,5,1
62559,5,2
52275,5,2
54789,5,1
49756,5,1
57007,5,2
51470,5,1
52104,5,5
53779,5,4
35329,5,5
50107,5,1
52713,5,1
29568,5,1
63050,5,2
26557,5,1
52430,5,5
58400,5,2
51204,5,9
50514,5,1
16594,5,1
18869,5,1
61057,5,2
57566,5,1
59284,5,1
49776,5,11
50111,5,1
57089,5,1
60620,5,3
58697,5,1
45904,5,2
27116,5,1
62647,5,1
38674,5,4
43537,5,2
8669,5,5
57388,5,2
49028,5,2
51372,5,1
37381,5,6
51982,5,2
53170,5,1
52345,5,3
48762,5,1
32468,5,1
60261,5,1
14191,5,1
59993,5,1
13484,5,1
52696,5,6
56826,5,3
56420,5,3
51606,5,1
60636,5,1
52186,5,3
13105,5,1
61294,5,2
6002,5,10
50671,5,2
32375,5,1
43310,5,2
58804,5,1
56845,5,8
54003,5,1
48957,5,1
44993,5,2
50046,5,1
53646,5,4
14498,5,1
59070,5,2
61819,5,1
14497,5,1
52304,5,2
59585,5,1
3871,5,1
57353,5,1
58777,5,6
13527,5,1
20209,5,1
61910,5,1
57932,5,5
58395,5,8
55280,5,1
6793,4,1
52848,4,1
56019,4,1
16788,4,1
53315,4,1
57115,4,3
46868,4,1
31952,4,2
36097,4,3
57093,4,6
51239,4,4
57454,4,1
36782,4,1
44180,4,1
19934,4,1
59219,4,1
59930,4,1
53664,4,1
61558,4,3
46697,4,1
16172,4,1
38722,4,10
53108,4,10
47177,4,2
26868,4,2
50867,4,1
57286,4,2
39121,4,1
52647,4,4
49066,4,4
63041,4,1
16506,4,3
57707,4,2
61288,4,7
50492,4,1
53042,4,2
16253,4,1
44567,4,5
53088,4,2
23680,4,3
60706,4,2
59053,4,2
13539,4,2
56056,4,4
59664,4,1
58786,4,2
52393,4,1
34245,4,2
57643,4,1
52428,4,2
51890,4,1
48846,4,1
50662,4,2
55868,4,1
59958,4,1
53063,4,1
52178,4,1
50967,4,2
53401,4,2
58668,4,1
47523,4,2
5154,4,2
50651,4,1
39457,4,1
59691,4,1
52553,4,2
10350,4,3
25856,4,2
56458,4,2
44926,4,1
60614,4,2
7526,4,1
53912,4,4
29970,4,19
55139,4,2
37313,4,4
53025,4,1
46309,4,1
57334,4,1
52775,4,1
52861,4,1
31633,4,2
21909,4,5
15217,4,1
49977,4,2
59870,4,1
56340,4,1
50737,4,1
18501,4,1
30114,4,3
60486,4,3
61898,4,1
59817,4,2
55810,4,1
56983,4,2
15757,4,1
52596,4,3
48323,4,1
54943,4,4
49538,4,1
62060,4,2
55245,4,1
35092,4,1
39052,4,1
40430,4,2
20925,4,1
62581,4,4
59689,4,4
40654,4,1
37849,4,3
42847,4,2
52262,4,1
39233,4,5
15586,4,1
57407,4,2
63003,4,3
62898,4,3
58718,4,1
36876,4,8
52268,4,3
54972,4,2
47022,4,2
58330,4,1
61458,4,1
54416,4,1
47157,4,1
54947,4,2
29078,4,2
51568,4,1
48570,4,3
53514,4,4
53226,4,1
53681,4,4
40824,4,2
56070,4,1
2412,4,1
38612,4,1
31160,4,3
57140,4,2
52346,4,4
63195,4,3
48861,4,2
60767,4,4
54468,4,3
58942,4,2
58201,4,1
54325,4,5
54275,4,2
47283,4,4
49730,4,1
61856,4,1
37810,4,1
61636,4,1
52474,4,2
58031,4,1
42031,4,1
14749,4,2
56427,4,2
62769,4,1
56301,4,1
61940,4,3
58739,4,1
50358,4,4
58280,4,1
55718,4,1
16549,4,4
14445,4,1
54257,4,2
10485,4,1
56539,4,1
59895,4,2
62668,4,1
63179,4,1
5301,4,8
57631,4,2
57603,4,2
60594,4,1
50305,4,1
54904,4,5
13236,4,2
57976,4,6
55599,4,1
35262,4,1
52109,4,2
51252,4,4
43191,4,1
60756,4,3
62124,4,2
54444,4,2
60364,4,2
53550,4,2
12645,4,2
52450,4,4
49341,4,1
55105,4,1
60169,4,1
46134,4,1
52602,4,3
57605,4,1
62811,4,1
51825,4,2
61818,4,1
60050,4,1
26603,4,1
45962,4,1
52004,4,2
7814,4,1
20281,4,1
53080,4,1
59148,4,2
49650,4,4
37619,4,1
35819,4,2
61061,4,1
59896,4,3
22070,4,2
26028,4,7
50822,4,1
57460,4,1
54741,4,3
57471,4,1
59236,4,1
54029,4,4
29352,4,1
8129,4,7
35704,4,1
27062,4,1
54903,4,1
58805,4,1
44183,4,1
20584,4,1
17171,4,48
20737,4,2
55328,4,2
52044,4,1
57614,4,2
60996,4,1
52979,4,1
57483,4,1
44452,4,1
15885,4,1
54236,4,1
54080,4,2
32356,4,1
59882,4,1
60328,4,1
29739,4,1
55782,4,1
53851,4,1
53626,4,2
43322,4,1
8236,4,1
18788,4,1
56278,4,1
52501,4,2
61008,4,1
54733,4,5
57156,4,1
21828,4,1
57062,4,1
61445,4,2
61224,4,1
54773,4,4
61235,4,3
50856,4,2
52063,4,2
58013,4,1
38541,4,2
32752,4,2
39625,4,2
61880,4,2
57840,4,3
53176,4,2
62352,4,2
60769,4,2
53397,4,3
55201,4,2
56213,4,2
59130,4,1
52507,4,1
57494,4,3
60304,4,1
50073,4,2
61180,4,2
21755,4,2
28621,4,10
44500,4,1
23758,4,1
53406,4,3
15006,4,1
60803,4,1
55020,4,1
57087,4,2
60993,4,1
52088,4,1
55976,4,1
59026,4,1
62064,4,1
60916,4,2
19076,4,1
10042,4,1
18818,4,1
59205,4,4
12716,4,2
57378,4,1
59549,4,2
5793,4,1
30770,4,4
54434,4,1
21894,4,1
56426,4,1
16191,4,2
19674,4,18
54603,4,2
55041,4,3
53954,4,1
52615,4,1
38485,4,3
50415,4,5
52361,4,2
52122,4,3
51273,4,2
55176,4,2
51260,4,1
51517,4,1
59927,4,3
51693,4,4
21348,4,2
60026,4,6
59341,4,3
16449,4,2
15320,4,1
23019,4,1
60290,4,3
39528,4,1
54221,4,3
5223,4,5
47204,4,3
50113,4,4
58615,4,1
27749,4,1
63124,4,1
57214,4,1
51330,4,2
61952,4,1
52795,4,1
58173,4,1
52066,4,3
54795,4,6
45249,4,1
60129,4,1
50800,4,3
31079,4,1
57556,4,1
60229,4,2
59721,4,1
15077,4,1
62785,4,1
52062,4,1
62303,4,4
56189,4,1
20191,4,1
59827,4,1
24208,4,1
11777,4,3
44069,4,1
59155,4,1
63220,4,1
12465,4,1
57427,4,10
50427,4,2
55632,4,1
53154,4,1
57616,4,1
18799,4,1
52803,3,1
43627,3,5
60197,3,2
9953,3,10
15677,3,1
5695,3,1
49705,3,14
62637,3,2
8082,3,5
53424,3,6
46704,3,2
53455,3,3
56101,3,1
61800,3,1
26437,3,2
40256,3,4
57951,3,1
36940,3,1
25040,3,2
58702,3,2
55493,3,1
53251,3,1
57586,3,1
61003,3,1
61918,3,8
55756,3,1
18922,3,2
33371,3,1
62081,3,2
58075,3,2
50186,3,2
55007,3,2
40490,3,3
54936,3,2
57632,3,1
25481,3,1
59222,3,3
50535,3,2
39430,3,1
60134,3,1
2992,3,1
33414,3,2
50729,3,1
54424,3,1
45011,3,1
30853,3,53
50838,3,3
58958,3,1
9475,3,1
61013,3,1
37192,3,2
49841,3,3
52634,3,1
25478,3,1
55108,3,1
55568,3,2
1302,3,1
62831,3,2
16371,3,1
56958,3,1
60263,3,2
52571,3,2
55214,3,4
61208,3,2
62779,3,1
44298,3,3
50943,3,1
55458,3,1
58260,3,1
59766,3,1
56054,3,1
55779,3,4
60270,3,1
57120,3,1
61933,3,1
59274,3,3
12188,3,2
60908,3,1
39706,3,1
50816,3,2
62756,3,2
8648,3,1
58890,3,1
57354,3,1
58482,3,1
38547,3,1
46828,3,3
57304,3,1
51706,3,2
23607,3,1
16821,3,1
8953,3,1
35291,3,2
13285,3,1
58318,3,1
22391,3,4
58609,3,3
51747,3,1
43966,3,5
62639,3,1
55399,3,1
18599,3,1
61369,3,1
24797,3,1
50656,3,4
54176,3,3
51377,3,5
59388,3,2
29266,3,1
60669,3,1
40624,3,1
43424,3,34
56605,3,2
51199,3,2
57808,3,1
55813,3,2
54875,3,1
56361,3,1
56161,3,1
11242,3,1
38947,3,4
60119,3,2
52260,3,4
15295,3,1
62063,3,1
38260,3,1
60843,3,2
50237,3,1
57637,3,3
62151,3,1
59777,3,2
58432,3,1
55185,3,1
21938,3,1
40999,3,2
58257,3,1
50928,3,1
11325,3,3
56465,3,1
24758,3,6
31739,3,2
54280,3,1
52141,3,4
52745,3,2
7049,3,1
60268,3,1
54570,3,1
38511,3,1
50632,3,2
49928,3,3
12176,3,1
52620,3,2
53716,3,1
55179,3,1
49983,3,1
59354,3,1
63305,3,3
35887,3,1
20867,3,2
61285,3,1
3608,3,1
33099,3,1
13910,3,1
25533,3,5
57585,3,7
62612,3,2
63259,3,2
60595,3,5
4995,3,1
10796,3,1
18616,3,1
52149,3,2
61132,3,1
50536,3,2
54579,3,1
51045,3,1
55890,3,3
53045,3,1
18641,3,3
11760,3,1
46643,3,3
49729,3,1
60231,3,2
49916,3,2
55289,3,1
23266,3,1
43597,3,1
58042,3,5
56146,3,1
56880,3,1
44754,3,5
58460,3,4
32386,3,1
55822,3,3
50200,3,1
58570,3,1
52617,3,1
26741,3,1
53134,3,1
49769,3,2
62132,3,2
55123,3,2
24274,3,2
54620,3,2
49439,3,3
56690,3,2
23632,3,1
60046,3,1
60541,3,1
54390,3,1
34648,3,1
53600,3,1
53427,3,3
50869,3,1
49567,3,1
21205,3,1
17318,3,3
6677,3,1
51110,3,3
54459,3,3
62990,3,3
40214,3,3
62546,3,1
58386,3,1
3587,3,2
50620,3,2
5455,3,2
10465,3,3
15453,3,1
35773,3,3
22050,3,2
57639,3,2
59035,3,1
63038,3,2
12943,3,3
46749,3,2
59893,3,1
57053,3,1
53078,3,3
52003,3,2
49562,3,2
52760,3,2
56854,3,4
62793,3,4
55240,3,2
26207,3,1
37839,3,1
50881,3,1
59903,3,1
59363,3,2
14300,3,1
50490,3,2
51160,3,7
47142,3,1
55689,3,2
54930,3,1
35784,3,1
56941,3,1
62532,3,1
56508,3,6
58035,3,5
49912,3,2
54840,3,1
50226,3,1
59357,3,3
43601,3,2
39501,3,6
29445,3,1
54461,3,1
5313,3,1
60700,3,1
27470,3,2
52806,3,1
55417,3,1
62283,3,1
52101,3,1
34814,3,1
52137,3,2
52453,3,3
50055,3,1
52356,3,1
52389,3,2
53256,3,3
52330,3,1
52693,3,2
1341,3,1
12410,3,1
46692,3,1
30343,3,3
45323,3,2
31526,3,2
51406,3,1
61724,3,1
61736,3,2
57768,3,3
54511,3,2
59398,3,1
52905,3,2
59302,3,3
51124,3,2
59254,3,3
51077,3,1
59646,3,2
54771,3,1
56245,3,2
54889,3,1
59625,3,2
60089,3,2
61268,3,1
61301,3,11
59917,3,1
55131,3,1
55489,3,2
51075,3,1
39076,3,1
9582,3,1
55199,3,4
50969,3,1
42494,3,1
57710,3,1
63308,3,1
34346,3,3
53771,3,6
55825,3,1
16566,3,2
61345,3,2
43949,3,1
54057,3,1
51897,3,2
36049,3,1
61286,3,1
18617,3,2
55193,3,1
49715,3,2
36218,3,2
18040,3,7
57758,3,1
39297,3,7
60633,3,6
18715,3,1
62767,3,1
18278,3,1
54081,3,2
61661,3,2
6474,3,1
58308,3,3
59590,3,3
54803,3,1
56498,3,3
61685,3,2
22888,3,1
47945,3,1
50402,3,2
58385,3,2
61516,3,3
55680,3,2
50473,3,2
42167,3,1
55169,3,1
62307,3,4
7044,3,1
13274,3,6
55865,3,1
12139,3,2
53509,3,3
10519,3,1
60934,3,1
44831,3,1
29475,3,1
60732,3,1
50570,3,1
52467,3,2
24890,3,2
42937,3,1
50575,3,1
60412,3,2
52909,3,2
36202,3,1
52771,3,1
56491,3,1
57061,3,1
60855,3,1
30376,3,1
61627,3,5
54021,3,1
56534,3,1
54433,3,1
49058,3,1
56888,3,1
45013,3,1
30694,3,5
15438,3,1
57594,3,2
34577,3,2
49870,3,1
59855,3,1
52298,3,1
57825,3,1
59133,3,1
17697,3,1
55235,3,3
53263,3,1
45847,3,4
61310,3,1
61683,3,1
57969,3,2
60264,3,3
58544,2,3
37746,2,1
12346,2,1
60514,2,3
33123,2,1
51871,2,3
56071,2,4
20828,2,1
59824,2,1
62686,2,1
34205,2,1
51072,2,2
27680,2,1
31670,2,1
23642,2,1
51038,2,1
60660,2,1
56994,2,3
45659,2,1
8651,2,1
53218,2,2
52314,2,2
21203,2,1
59245,2,2
40076,2,2
61770,2,2
11378,2,1
51537,2,1
48796,2,2
63077,2,1
60798,2,1
19047,2,2
54812,2,4
10743,2,1
62012,2,5
58379,2,1
46223,2,1
61552,2,2
62791,2,3
58940,2,2
28177,2,1
27830,2,41
50617,2,1
62657,2,1
56328,2,1
55281,2,13
63416,2,1
55883,2,2
34035,2,2
7831,2,1
59947,2,3
40346,2,7
56228,2,2
6531,2,1
60707,2,2
56704,2,1
36053,2,1
59806,2,2
60564,2,1
59655,2,1
56876,2,4
52723,2,5
46402,2,100
26509,2,1
5799,2,1
54556,2,2
44743,2,2
61974,2,1
57213,2,1
50542,2,1
35608,2,2
25592,2,5
63339,2,1
59868,2,1
49371,2,1
47891,2,1
56355,2,1
23822,2,1
34575,2,1
59641,2,1
53982,2,1
50975,2,1
56445,2,3
60355,2,1
15390,2,2
5626,2,1
11435,2,1
10214,2,1
40254,2,1
35142,2,1
59175,2,1
54463,2,1
51040,2,1
54749,2,1
62438,2,2
54262,2,2
52276,2,3
51831,2,5
16119,2,1
51164,2,2
54751,2,2
61938,2,1
28146,2,2
56469,2,1
50936,2,4
17035,2,3
60333,2,2
56309,2,4
58842,2,3
59057,2,1
51727,2,1
52837,2,1
63316,2,7
24226,2,1
49847,2,1
7643,2,1
17137,2,1
50034,2,2
50859,2,7
44189,2,1
57544,2,1
57677,2,2
52227,2,2
57349,2,2
18416,2,1
50171,2,2
52199,2,5
62510,2,3
56884,2,1
50989,2,2
42273,2,1
53205,2,4
45153,2,3
8081,2,4
30472,2,1
63238,2,1
59249,2,2
1457,2,1
6256,2,1
62883,2,4
10398,2,1
61613,2,1
59805,2,1
2398,2,2
52463,2,14
38252,2,1
63317,2,2
56802,2,1
48256,2,2
8031,2,2
20544,2,2
30098,2,2
51137,2,3
50895,2,3
49458,2,1
55233,2,2
37138,2,1
21390,2,1
48432,2,1
61266,2,1
56612,2,2
5184,2,1
55052,2,2
57906,2,2
60512,2,2
53560,2,2
30183,2,10
18546,2,3
22242,2,1
56992,2,1
50155,2,1
57440,2,3
59140,2,1
50843,2,2
56634,2,3
58125,2,3
53733,2,3
37826,2,4
9418,2,4
50432,2,1
54969,2,1
52519,2,2
56452,2,2
9779,2,2
27793,2,6
52114,2,1
53946,2,1
50706,2,2
11877,2,2
53183,2,4
31421,2,2
53352,2,1
15877,2,2
51817,2,2
58724,2,1
52494,2,3
63204,2,2
52429,2,1
57296,2,1
52952,2,1
11921,2,1
35386,2,1
50728,2,3
5427,2,2
10103,2,1
24221,2,1
16237,2,1
52222,2,1
51211,2,1
30709,2,4
871,2,2
55864,2,1
60715,2,1
53213,2,1
58217,2,2
15742,2,2
59873,2,2
63319,2,1
5680,2,3
5941,2,1
46750,2,3
28163,2,1
61129,2,1
16181,2,1
59952,2,1
23366,2,1
63187,2,8
17880,2,3
14741,2,1
51539,2,1
63336,2,1
6697,2,2
16780,2,1
53965,2,2
51762,2,1
38607,2,1
34886,2,5
32045,2,2
20752,2,2
16967,2,2
56155,2,2
32999,2,1
11952,2,3
11607,2,1
49865,2,4
62658,2,2
58413,2,1
57509,2,1
59880,2,3
20323,2,1
21898,2,2
61798,2,1
63497,2,2
6641,2,2
54359,2,1
58453,2,3
19560,2,1
33978,2,1
56377,2,1
52982,2,2
53882,2,3
5462,2,5
61937,2,1
45874,2,2
6207,2,1
63394,2,2
52855,2,2
62568,2,1
53601,2,1
27315,2,6
50127,2,1
48508,2,2
4385,2,9
34632,2,1
62544,2,1
50891,2,1
8982,2,1
62280,2,1
7283,2,2
54285,2,1
59667,2,2
47828,2,1
21734,2,1
17308,2,2
51095,2,2
49959,2,2
48693,2,32
51051,2,2
51806,2,2
57916,2,1
51434,2,1
43687,2,2
48473,2,1
38775,2,1
23110,2,3
58058,2,2
8685,2,1
54912,2,10
50823,2,7
5000,2,1
58811,2,1
63115,2,1
42990,2,1
49827,2,3
30913,2,3
20738,2,1
54674,2,1
60086,2,5
50290,2,1
51017,2,1
11373,2,1
56955,2,1
22473,2,5
59073,2,4
13992,2,3
61721,2,1
60293,2,3
56336,2,2
54824,2,2
51353,2,1
15425,2,2
59536,2,2
51737,2,5
20471,2,2
58564,2,1
55028,2,2
15605,2,5
13606,2,1
13054,2,1
15955,2,1
63102,2,1
62558,2,1
57217,2,1
57881,2,2
17666,2,1
34832,2,1
51764,2,1
24067,2,1
54059,2,2
12269,2,1
55539,2,1
21465,2,1
59959,2,1
45106,2,1
7465,2,2
13222,2,1
45270,2,6
55939,2,3
15219,2,3
52592,2,1
49744,2,1
11916,2,1
17248,2,2
57829,2,1
60745,2,1
38467,2,1
61106,2,1
7276,2,1
29430,2,1
56357,2,3
28139,2,1
56478,2,3
19915,2,1
49825,2,2
15834,2,3
11510,2,3
55921,2,2
54926,2,1
40594,2,1
51833,2,1
4830,2,5
10152,2,1
11992,2,1
33074,2,2
51773,2,1
18921,2,1
22388,2,1
55738,2,1
10636,2,1
53762,2,2
48124,2,1
45210,2,1
59194,2,1
62616,2,2
59093,2,1
50198,2,3
25143,2,1
63142,2,2
61908,2,1
61606,2,7
18188,2,1
52454,2,5
51435,2,1
53761,2,1
39385,2,1
57752,2,3
5159,2,1
32477,2,1
59562,2,2
56053,2,1
53839,2,4
52204,2,2
54154,2,1
60513,2,3
53230,2,2
62561,2,2
55102,2,2
60621,2,1
10154,2,1
60984,2,1
53467,2,1
1592,2,2
20313,2,1
55075,2,1
58051,2,1
59925,2,2
28349,2,1
21928,2,1
7704,2,1
54739,2,1
57516,2,1
29550,2,3
20673,2,1
52147,2,1
63300,2,2
56115,2,2
36099,2,1
50386,2,1
55698,2,3
35697,2,2
16546,2,1
54061,2,3
58533,2,4
60127,2,1
63083,2,2
34809,2,4
63148,2,1
11928,2,1
53232,2,1
49975,2,1
27164,2,1
50727,2,2
61594,2,1
5855,2,1
37352,2,1
53570,2,9
51628,2,2
52207,2,3
62441,2,9
62172,2,1
60886,2,6
55924,2,12
62892,2,3
2344,2,3
57392,2,1
14115,2,1
60610,2,2
60888,2,2
57284,2,1
38801,2,1
9636,2,1
50458,2,2
18705,2,1
58641,2,1
15546,2,1
44017,2,2
54013,2,1
19370,2,1
60153,2,1
58441,2,1
58028,2,1
1462,2,2
51057,2,3
51934,2,7
51656,2,8
53556,2,1
59525,2,1
63458,2,3
36322,2,16
5827,2,1
53214,2,1
57941,2,1
7844,2,5
50359,2,2
56683,2,2
45306,2,1
57982,2,4
42439,2,1
20056,2,1
57548,2,1
57386,2,1
42606,2,13
50599,2,2
56211,2,1
55928,2,2
58284,2,1
16004,2,1
62560,2,1
43932,2,1
62717,2,3
51259,2,3
14075,2,3
63454,2,2
22239,2,1
58852,2,2
16915,2,1
18821,2,1
62331,2,1
12853,2,1
52637,2,2
59255,2,1
63297,2,1
57749,2,3
55348,2,3
60329,2,1
17242,2,1
62578,2,3
24608,2,1
51557,2,2
58967,2,2
37664,2,2
56134,2,1
60497,2,1
53605,2,3
54462,2,1
62519,2,5
54794,2,1
52220,2,1
25392,2,1
59706,2,1
60423,2,1
37110,2,1
14135,2,1
59174,2,1
49800,2,4
58325,2,2
27313,2,2
62859,2,2
15816,2,1
53141,1,1
5999,1,1
62159,1,1
61585,1,1
8172,1,1
18825,1,1
25566,1,4
16169,1,1
60029,1,1
59285,1,1
61292,1,1
48619,1,1
54271,1,1
37032,1,1
34547,1,2
53168,1,6
53991,1,1
44153,1,1
25630,1,1
11543,1,1
53930,1,6
56170,1,2
57422,1,1
59592,1,2
57928,1,4
63310,1,1
51067,1,2
15179,1,33
19400,1,1
6234,1,1
29533,1,1
33002,1,1
54962,1,2
39428,1,3
61172,1,2
57602,1,2
11462,1,1
62885,1,1
27000,1,1
17627,1,2
59158,1,3
60074,1,1
49681,1,1
11389,1,1
58587,1,2
23168,1,4
58131,1,1
27654,1,1
53866,1,1
57915,1,3
62747,1,1
45326,1,10
5400,1,9
50405,1,2
17565,1,1
43892,1,1
11040,1,1
50675,1,1
34821,1,2
42418,1,2
63235,1,2
62609,1,3
58632,1,1
6258,1,1
50255,1,3
55446,1,3
47154,1,2
54441,1,4
58736,1,2
51616,1,3
50690,1,1
63001,1,2
61394,1,1
26855,1,1
51460,1,6
62322,1,3
30074,1,3
57482,1,2
14678,1,1
50005,1,4
24835,1,2
25899,1,3
53495,1,1
24094,1,1
10039,1,1
56373,1,1
56989,1,1
61877,1,2
44546,1,2
53573,1,4
15614,1,2
17450,1,1
18750,1,2
52022,1,4
62271,1,1
57384,1,1
12927,1,1
56387,1,1
57234,1,1
49128,1,1
42908,1,1
17009,1,2
51619,1,2
61347,1,1
60673,1,1
5843,1,3
51948,1,1
51185,1,2
31851,1,12
54054,1,10
36931,1,1
11535,1,1
8901,1,2
40864,1,2
53635,1,1
48394,1,2
10612,1,1
19700,1,29
60446,1,1
51915,1,1
57058,1,5
59096,1,2
16948,1,1
58219,1,1
58791,1,1
4174,1,39
59934,1,2
29605,1,1
28885,1,1
13213,1,2
58778,1,2
44329,1,3
8183,1,17
46406,1,5
19880,1,1
61223,1,1
63145,1,1
42205,1,1
60338,1,3
17848,1,1
56493,1,1
58523,1,1
62343,1,1
11922,1,1
10794,1,1
11102,1,1
31597,1,1
53612,1,1
62273,1,2
62413,1,1
63092,1,1
12916,1,1
59150,1,14
53708,1,2
59296,1,1
24012,1,1
32146,1,17
55380,1,2
60967,1,1
54114,1,15
52510,1,1
61291,1,1
51449,1,2
52111,1,2
28796,1,1
11200,1,1
13946,1,3
63025,1,2
58986,1,1
6824,1,1
50648,1,1
61592,1,2
52786,1,2
53624,1,1
50605,1,2
57351,1,1
62492,1,2
62908,1,3
56227,1,2
15178,1,2
5447,1,1
52621,1,2
23490,1,1
63296,1,1
19232,1,1
37356,1,1
13855,1,4
50819,1,4
58073,1,1
24510,1,1
35677,1,1
30368,1,3
57094,1,3
6309,1,1
62241,1,1
15503,1,1
9505,1,2
63459,1,1
50894,1,2
36416,1,1
28229,1,1
55470,1,5
56938,1,3
59103,1,1
26170,1,2
4985,1,1
54573,1,1
54331,1,1
9145,1,7
24626,1,1
52490,1,1
30410,1,1
44836,1,1
52684,1,1
50922,1,2
63311,1,2
32282,1,3
32845,1,3
55014,1,2
19607,1,6
36799,1,1
62600,1,1
21476,1,1
6178,1,1
51190,1,1
48736,1,13
47688,1,1
26190,1,2
30127,1,1
62626,1,1
57169,1,1
11701,1,1
7650,1,1
52365,1,1
13252,1,15
55057,1,1
37609,1,1
58797,1,2
59414,1,2
62121,1,4
25428,1,1
54694,1,1
56425,1,3
57108,1,4
59189,1,1
53380,1,1
51672,1,3
62608,1,1
26317,1,2
51253,1,1
18200,1,1
50314,1,1
61372,1,2
59652,1,1
50354,1,2
53347,1,1
57839,1,3
60956,1,2
37853,1,1
5911,1,1
23200,1,1
4297,1,1
56716,1,1
58919,1,2
57960,1,3
58818,1,1
49133,1,2
42803,1,1
49477,1,1
56864,1,1
18004,1,1
52926,1,1
51002,1,10
47617,1,1
59736,1,1
9750,1,1
9011,1,1
60478,1,1
54208,1,1
50029,1,8
62598,1,4
62379,1,1
50983,1,1
56123,1,1
21475,1,2
55553,1,2
58338,1,2
24010,1,1
62772,1,4
32315,1,1
40530,1,1
55228,1,2
53333,1,1
15981,1,3
55685,1,1
38673,1,4
55059,1,1
62580,1,2
47017,1,1
49505,1,1
42595,1,1
47084,1,2
25752,1,1
60298,1,3
49010,1,2
46133,1,1
56382,1,1
54440,1,1
50365,1,1
53554,1,1
13042,1,1
46618,1,1
15247,1,1
51250,1,1
23995,1,1
57082,1,3
63067,1,1
20142,1,1
52827,1,1
15092,1,1
5873,1,1
29838,1,1
8429,1,3
56868,1,2
59239,1,1
52996,1,1
57591,1,1
52948,1,9
61037,1,1
50325,1,1
61998,1,6
60247,1,3
58997,1,1
62819,1,1
10874,1,6
44239,1,1
32376,1,1
61963,1,1
60939,1,1
56925,1,1
33062,1,1
54167,1,1
35126,1,1
51302,1,1
17923,1,2
49896,1,3
30552,1,9
52980,1,1
18877,1,1
44778,1,2
14775,1,5
55440,1,1
56209,1,2
58938,1,2
62125,1,2
55195,1,2
55532,1,1
10644,1,6
30310,1,1
60772,1,3
57205,1,1
24893,1,1
26109,1,2
13639,1,2
54305,1,3
59621,1,3
10314,1,3
59328,1,1
13975,1,1
52033,1,8
56867,1,2
58537,1,1
62139,1,1
61058,1,2
23150,1,3
60272,1,2
62179,1,8
53199,1,3
39539,1,1
57216,1,1
42802,1,1
17731,1,2
61499,1,1
51152,1,2
12539,1,1
15471,1,1
45871,1,1
61706,1,1
16324,1,2
58196,1,4
31239,1,1
61262,1,1
23050,1,1
63123,1,1
54155,1,2
54935,1,4
32686,1,1
57335,1,1
57802,1,1
17516,1,1
57786,1,2
15284,1,1
21717,1,2
42480,1,1
48086,1,1
54866,1,2
36500,1,2
52722,1,3
53092,1,1
15847,1,11
27456,1,5
49009,1,1
29465,1,1
23659,1,1
4937,1,1
61461,1,1
33662,1,2
53195,1,1
43507,1,1
50472,1,3
14199,1,1
19997,1,1
51591,1,2
15915,1,1
55907,1,1
52383,1,1
61296,1,1
18987,1,1
24467,1,1
13870,1,1
48671,1,1
50622,1,2
51874,1,2
51674,1,4
49201,1,5
47773,1,1
14851,1,1
49738,1,1
22296,1,1
63434,1,1
54625,1,2
54860,1,1
6105,1,1
10888,1,2
54136,1,1
31188,1,1
53615,1,1
62909,1,1
22303,1,1
51637,1,1
44999,1,1
5989,1,1
51292,1,1
38084,1,1
44311,1,1
6978,1,1
63435,1,1
53960,1,2
31685,1,1
27182,1,1
15402,1,2
31327,1,1
59346,1,1
6250,1,1
50169,1,2
58501,1,2
43903,1,3
42311,1,1
62745,1,3
55799,1,2
14829,1,2
51032,1,2
42881,1,2
34638,1,1
58622,1,2
53412,1,1
53744,1,1
53813,1,1
18015,1,11
47281,1,2
36372,1,1
54849,1,1
11608,1,1
57946,1,1
47870,1,1
8992,1,1
20810,1,1
35308,1,1
56991,1,1
50052,1,5
23913,1,2
62405,1,4
44170,1,1
63095,1,1
54918,1,2
60693,1,1
21546,1,1
6805,1,2
56042,1,1
59589,1,1
47129,1,15
57847,1,2
61540,1,2
60592,1,1
52957,1,2
16947,1,1
54642,1,1
60520,1,4
58134,1,1
53644,1,2
62721,1,2
31524,1,1
22196,1,3
55019,1,2
15592,1,1
6477,1,2
50961,1,1
63194,1,2
24234,1,4
28217,1,1
44935,1,1
49954,1,1
62002,1,1
58648,1,1
10882,1,8
15452,1,1
55094,1,5
21016,1,2
28806,1,2
32288,1,3
59897,1,1
55321,1,1
53510,1,2
50608,1,1
32352,1,1
53633,1,1
37660,1,3
27132,1,1
62246,1,1
60312,1,2
45629,1,1
22881,1,1
53598,1,1
55577,1,8
7051,1,1
58101,1,1
10380,1,1
51519,1,2
16466,1,1
16196,1,1
51153,1,2
59329,1,4
17957,1,1
63033,1,1
52324,1,2
3984,1,9
